{"name":"81028eb3-5e35-4486-9567-db5d0b9740dc","id":"/providers/Microsoft.Flow/flows/81028eb3-5e35-4486-9567-db5d0b9740dc","type":"Microsoft.Flow/flows","properties":{"apiId":"/providers/Microsoft.PowerApps/apis/shared_logicflows","displayName":"CountAllRecordsWithPagingCookiesInHttpAction","definition":{"metadata":{"workflowEntityId":null,"processAdvisorMetadata":null,"flowChargedByPaygo":null,"flowclientsuspensionreason":"None","flowclientsuspensiontime":null,"flowclientsuspensionreasondetails":null,"creator":{"id":"62d1a170-2661-462f-88bd-5434752bcb55","type":"User","tenantId":"3081431d-4d4f-49e6-bc76-7c3648f2ff5a"},"provisioningMethod":"FromDefinition","failureAlertSubscription":true,"clientLastModifiedTime":"2024-11-21T03:52:40.2150845Z","connectionKeySavedTimeKey":"2024-11-21T03:52:40.2150845Z"},"$schema":"https://schema.management.azure.com/providers/Microsoft.Logic/schemas/2016-06-01/workflowdefinition.json#","contentVersion":"undefined","parameters":{"$authentication":{"defaultValue":{},"type":"SecureObject"},"$connections":{"defaultValue":{},"type":"Object"}},"triggers":{"manual":{"metadata":{"operationMetadataId":"446a5293-b6cf-4ba9-bef9-f37b2e1131ac"},"type":"Request","kind":"Button","inputs":{"schema":{"type":"object","properties":{"text":{"description":"スキーマ名を指定してください（例：ya_Member）","title":"スキーマ名","type":"string","x-ms-content-hint":"TEXT","x-ms-dynamically-added":true}},"required":["text"]}}}},"actions":{"アイテム数を0で初期化する":{"runAfter":{},"metadata":{"operationMetadataId":"63bb28d1-8a07-448e-a1dd-efe20afc7196"},"type":"InitializeVariable","inputs":{"variables":[{"name":"アイテム数","type":"integer","value":0}]}},"MoreRecordsをfalseで初期化する":{"runAfter":{"アイテム数を0で初期化する":["Succeeded"]},"metadata":{"operationMetadataId":"63bb28d1-8a07-448e-a1dd-efe20afc7196"},"type":"InitializeVariable","inputs":{"variables":[{"name":"MoreRecords","type":"boolean","value":false}]}},"ページングCookieを空文字で初期化する":{"runAfter":{"MoreRecordsをfalseで初期化する":["Succeeded"]},"metadata":{"operationMetadataId":"63bb28d1-8a07-448e-a1dd-efe20afc7196"},"type":"InitializeVariable","inputs":{"variables":[{"name":"ページングCookie","type":"string"}]}},"ページ番号を1で初期化する":{"runAfter":{"ページングCookieを空文字で初期化する":["Succeeded"]},"metadata":{"operationMetadataId":"63bb28d1-8a07-448e-a1dd-efe20afc7196"},"type":"InitializeVariable","inputs":{"variables":[{"name":"ページ番号","type":"integer","value":1}]}},"Dataverseコネクタ／100k件超":{"actions":{"Do_until":{"actions":{"MoreRecordsの設定":{"runAfter":{"行を一覧にする":["Succeeded"]},"metadata":{"operationMetadataId":"f8a9ad25-1bbb-428c-8e4d-cac836941b21"},"type":"SetVariable","inputs":{"name":"MoreRecords","value":"@if(empty(string(outputs('行を一覧にする')?['body']?['@Microsoft.Dynamics.CRM.morerecords'])), false, outputs('行を一覧にする')?['body']?['@Microsoft.Dynamics.CRM.morerecords'])"},"description":"if(empty(string(outputs('行を一覧にする')?['body']?['@Microsoft.Dynamics.CRM.morerecords'])), false, outputs('行を一覧にする')?['body']?['@Microsoft.Dynamics.CRM.morerecords'])"},"ページングCookieの設定":{"runAfter":{"MoreRecordsの設定":["Succeeded"]},"metadata":{"operationMetadataId":"ae3b2f48-6628-4641-b70f-dc73f6b396b4"},"type":"SetVariable","inputs":{"name":"ページングCookie","value":"paging-cookie=\"@{if(\r\n  empty(\r\n    outputs('行を一覧にする')?['body']?['@Microsoft.Dynamics.CRM.fetchxmlpagingcookie']\r\n  ),\r\n  '',\r\n  replace(\r\n    replace(\r\n      replace(\r\n        decodeUriComponent(\r\n          decodeUriComponent(\r\n            first(\r\n              split(\r\n                last(\r\n                  split(\r\n                    outputs('行を一覧にする')?['body']?['@Microsoft.Dynamics.CRM.fetchxmlpagingcookie'],\r\n                    'pagingcookie=\"'\r\n                  )\r\n                ),\r\n                '\" '\r\n              )\r\n            )\r\n          )\r\n        ),\r\n        '<',\r\n        '&lt;'\r\n      ),\r\n      '>',\r\n      '&gt;'\r\n    ),\r\n    '\"',\r\n    '&quot;'\r\n  )\r\n)}\""},"description":"paging-cookie=\"@{if(empty(outputs('行を一覧にする')?['body']?['@Microsoft.Dynamics.CRM.fetchxmlpagingcookie']),'',replace(replace(replace(decodeUriComponent(decodeUriComponent(first(split(last(split(outputs('行を一覧にする')?['body']?['@Microsoft.Dynamics.CRM.fetc"},"ページ番号の値を増やす":{"runAfter":{"ページングCookieの設定":["Succeeded"]},"metadata":{"operationMetadataId":"e9bd4ba5-2c3f-4e25-8fa2-dd9e9f2e5aa3"},"type":"IncrementVariable","inputs":{"name":"ページ番号","value":1}},"アイテム数の値を増やす":{"runAfter":{"ページ番号の値を増やす":["Succeeded"]},"metadata":{"operationMetadataId":"9c5a0df7-05eb-48d1-8205-96cf537f14c9"},"type":"IncrementVariable","inputs":{"name":"アイテム数","value":"@length(outputs('行を一覧にする')?['body/value'])"},"description":"length(outputs('行を一覧にする')?['body/value'])"},"行を一覧にする":{"runAfter":{"FetchXML":["Succeeded"]},"type":"OpenApiConnection","inputs":{"parameters":{"request/method":"GET","request/url":"@{outputs('OrganizationURI')}/api/data/v9.2/@{toLower(triggerBody()?['text'])}s?fetchXml=@{encodeUriComponent(outputs('FetchXML'))}","request/headers":{"Content-Type":"application/json; charset=utf-8","OData-MaxVersion":"4.0","OData-Version":"4.0","Accept":"application/json","Prefer":"@{outputs('Prefer')}"}},"host":{"apiId":"/providers/Microsoft.PowerApps/apis/shared_webcontentsv2","connectionName":"shared_webcontentsv2","operationId":"InvokeHttp"},"authentication":{"value":"@json(decodeBase64(triggerOutputs().headers['X-MS-APIM-Tokens']))['$ConnectionKey']","type":"Raw"}},"description":"@{outputs('OrganizationURI')}/api/data/v9.2/@{toLower(triggerBody()?['text'])}s?fetchXml=@{encodeUriComponent(outputs('FetchXML'))}"},"FetchXML":{"type":"Compose","inputs":"<fetch page=\"@{variables('ページ番号')}\" @{variables('ページングCookie')}>\n <entity name='ya_member'>\n  <all-attributes/>\n </entity>\n</fetch>","description":"<fetch page=\"@{variables('ページ番号')}\" @{variables('ページングCookie')}>\n <entity name='ya_member'>\n  <all-attributes/>\n </entity>\n</fetch>"}},"runAfter":{"Prefer":["Succeeded"]},"expression":"@equals(variables('MoreRecords'),false)","limit":{"count":2000,"timeout":"PT1H"},"metadata":{"operationMetadataId":"66975f5b-4381-433f-ad1c-0ef8c56d3810"},"type":"Until"},"件数":{"runAfter":{"Do_until":["Succeeded"]},"metadata":{"operationMetadataId":"c013eeb2-4399-40ad-91b6-5875273ac037"},"type":"Compose","inputs":"@variables('アイテム数')"},"Prefer":{"runAfter":{"OrganizationURI":["Succeeded"]},"type":"Compose","inputs":"odata.include-annotations=\"Microsoft.Dynamics.CRM.fetchxmlpagingcookie,Microsoft.Dynamics.CRM.morerecords\""},"OrganizationURI":{"type":"Compose","inputs":"https://orgfa5b0cd9.crm7.dynamics.com"}},"runAfter":{"ページ番号を1で初期化する":["Succeeded"]},"metadata":{"operationMetadataId":"2ceb52da-2e29-4f0b-afb6-86b49bee0243"},"type":"Scope"}}},"connectionReferences":{"shared_webcontentsv2":{"connectionName":"shared-webcontentsv2-c528766f-fdd7-43a2-9443-9579f114a78a","source":"Invoker","id":"/providers/Microsoft.PowerApps/apis/shared_webcontentsv2","tier":"NotSpecified"}},"flowFailureAlertSubscribed":false,"isManaged":false}}