{"name":"e83cf4cf-cc17-41c4-bb36-659f730894ff","id":"/providers/Microsoft.Flow/flows/e83cf4cf-cc17-41c4-bb36-659f730894ff","type":"Microsoft.Flow/flows","properties":{"apiId":"/providers/Microsoft.PowerApps/apis/shared_logicflows","displayName":"CountAllRecords_withPagingCookies","definition":{"metadata":{"workflowEntityId":null,"processAdvisorMetadata":null,"flowChargedByPaygo":null,"flowclientsuspensionreason":"None","flowclientsuspensiontime":null,"flowclientsuspensionreasondetails":null,"creator":{"id":"62d1a170-2661-462f-88bd-5434752bcb55","type":"User","tenantId":"3081431d-4d4f-49e6-bc76-7c3648f2ff5a"},"provisioningMethod":"FromDefinition","failureAlertSubscription":true,"clientLastModifiedTime":"2024-11-19T10:16:52.5186037Z","connectionKeySavedTimeKey":"2024-11-19T10:16:52.5186037Z"},"$schema":"https://schema.management.azure.com/providers/Microsoft.Logic/schemas/2016-06-01/workflowdefinition.json#","contentVersion":"undefined","parameters":{"$connections":{"defaultValue":{},"type":"Object"},"$authentication":{"defaultValue":{},"type":"SecureObject"}},"triggers":{"manual":{"metadata":{"operationMetadataId":"446a5293-b6cf-4ba9-bef9-f37b2e1131ac"},"type":"Request","kind":"Button","inputs":{"schema":{"type":"object","properties":{},"required":[]}}}},"actions":{"アイテム数を0で初期化する":{"runAfter":{},"metadata":{"operationMetadataId":"63bb28d1-8a07-448e-a1dd-efe20afc7196"},"type":"InitializeVariable","inputs":{"variables":[{"name":"アイテム数","type":"integer","value":0}]}},"MoreRecordsをfalseで初期化する":{"runAfter":{"アイテム数を0で初期化する":["Succeeded"]},"metadata":{"operationMetadataId":"63bb28d1-8a07-448e-a1dd-efe20afc7196"},"type":"InitializeVariable","inputs":{"variables":[{"name":"MoreRecords","type":"boolean","value":false}]}},"ページングCookieを空文字で初期化する":{"runAfter":{"MoreRecordsをfalseで初期化する":["Succeeded"]},"metadata":{"operationMetadataId":"63bb28d1-8a07-448e-a1dd-efe20afc7196"},"type":"InitializeVariable","inputs":{"variables":[{"name":"ページングCookie","type":"string"}]}},"ページ番号を1で初期化する":{"runAfter":{"ページングCookieを空文字で初期化する":["Succeeded"]},"metadata":{"operationMetadataId":"63bb28d1-8a07-448e-a1dd-efe20afc7196"},"type":"InitializeVariable","inputs":{"variables":[{"name":"ページ番号","type":"integer","value":1}]}},"Dataverseコネクタ／100k件超":{"actions":{"Do_until":{"actions":{"行を一覧にする":{"runAfter":{},"metadata":{"operationMetadataId":"b4ec51c4-f1b7-4234-b2fe-f230ee52ad70"},"type":"OpenApiConnection","inputs":{"host":{"apiId":"/providers/Microsoft.PowerApps/apis/shared_commondataserviceforapps","connectionName":"shared_commondataserviceforapps","operationId":"ListRecords"},"parameters":{"entityName":"ya_members","fetchXml":"<fetch page=\"@{variables('ページ番号')}\" @{variables('ページングCookie')}>\n <entity name='ya_member'>\n  <all-attributes/>\n </entity>\n</fetch>"},"authentication":"@parameters('$authentication')"},"description":"<fetch page=\"@{variables('ページ番号')}\" @{variables('ページングCookie')}>\n <entity name='ya_member'>\n  <all-attributes/>\n </entity>\n</fetch>"},"MoreRecordsの設定":{"runAfter":{"行を一覧にする":["Succeeded"]},"metadata":{"operationMetadataId":"f8a9ad25-1bbb-428c-8e4d-cac836941b21"},"type":"SetVariable","inputs":{"name":"MoreRecords","value":"@if(empty(string(outputs('行を一覧にする')?['body']?['@Microsoft.Dynamics.CRM.morerecords'])), false, outputs('行を一覧にする')?['body']?['@Microsoft.Dynamics.CRM.morerecords'])"},"description":"if(empty(string(outputs('行を一覧にする')?['body']?['@Microsoft.Dynamics.CRM.morerecords'])), false, outputs('行を一覧にする')?['body']?['@Microsoft.Dynamics.CRM.morerecords'])"},"ページングCookieの設定":{"runAfter":{"MoreRecordsの設定":["Succeeded"]},"metadata":{"operationMetadataId":"ae3b2f48-6628-4641-b70f-dc73f6b396b4"},"type":"SetVariable","inputs":{"name":"ページングCookie","value":"paging-cookie=\"@{if(\r\n  empty(\r\n    outputs('行を一覧にする')?['body']?['@Microsoft.Dynamics.CRM.fetchxmlpagingcookie']\r\n  ),\r\n  '',\r\n  replace(\r\n    replace(\r\n      replace(\r\n        decodeUriComponent(\r\n          decodeUriComponent(\r\n            first(\r\n              split(\r\n                last(\r\n                  split(\r\n                    outputs('行を一覧にする')?['body']?['@Microsoft.Dynamics.CRM.fetchxmlpagingcookie'],\r\n                    'pagingcookie=\"'\r\n                  )\r\n                ),\r\n                '\" '\r\n              )\r\n            )\r\n          )\r\n        ),\r\n        '<',\r\n        '&lt;'\r\n      ),\r\n      '>',\r\n      '&gt;'\r\n    ),\r\n    '\"',\r\n    '&quot;'\r\n  )\r\n)}\""},"description":"paging-cookie=\"@{if(empty(outputs('行を一覧にする')?['body']?['@Microsoft.Dynamics.CRM.fetchxmlpagingcookie']),'',replace(replace(replace(decodeUriComponent(decodeUriComponent(first(split(last(split(outputs('行を一覧にする')?['body']?['@Microsoft.Dynamics.CRM.fetc"},"ページ番号の値を増やす":{"runAfter":{"ページングCookieの設定":["Succeeded"]},"metadata":{"operationMetadataId":"e9bd4ba5-2c3f-4e25-8fa2-dd9e9f2e5aa3"},"type":"IncrementVariable","inputs":{"name":"ページ番号","value":1}},"アイテム数の値を増やす":{"runAfter":{"ページ番号の値を増やす":["Succeeded"]},"metadata":{"operationMetadataId":"9c5a0df7-05eb-48d1-8205-96cf537f14c9"},"type":"IncrementVariable","inputs":{"name":"アイテム数","value":"@length(outputs('行を一覧にする')?['body/value'])"},"description":"length(outputs('行を一覧にする')?['body/value'])"}},"runAfter":{},"expression":"@equals(variables('MoreRecords'),false)","limit":{"count":2000,"timeout":"PT1H"},"metadata":{"operationMetadataId":"66975f5b-4381-433f-ad1c-0ef8c56d3810"},"type":"Until"},"件数":{"runAfter":{"Do_until":["Succeeded"]},"metadata":{"operationMetadataId":"c013eeb2-4399-40ad-91b6-5875273ac037"},"type":"Compose","inputs":"@variables('アイテム数')"}},"runAfter":{"ページ番号を1で初期化する":["Succeeded"]},"metadata":{"operationMetadataId":"2ceb52da-2e29-4f0b-afb6-86b49bee0243"},"type":"Scope"}}},"connectionReferences":{"shared_commondataserviceforapps":{"connectionName":"shared-commondataser-0aeb3189-4338-487c-b9b8-6068d2bb6f79","source":"Embedded","id":"/providers/Microsoft.PowerApps/apis/shared_commondataserviceforapps","tier":"NotSpecified"}},"flowFailureAlertSubscribed":false,"isManaged":false}}