{
  "properties": {
    "connectionReferences": {
      "shared_commondataserviceforapps-1": {
        "api": {
          "name": "shared_commondataserviceforapps"
        },
        "connection": {
          "connectionReferenceLogicalName": "ya_sharedcommondataserviceforapps_8800f"
        },
        "runtimeSource": "embedded"
      }
    },
    "definition": {
      "$schema": "https://schema.management.azure.com/providers/Microsoft.Logic/schemas/2016-06-01/workflowdefinition.json#",
      "contentVersion": "undefined",
      "parameters": {
        "$authentication": {
          "defaultValue": {},
          "type": "SecureObject"
        },
        "$connections": {
          "defaultValue": {},
          "type": "Object"
        }
      },
      "triggers": {
        "manual": {
          "type": "Request",
          "kind": "Button",
          "inputs": {
            "schema": {
              "type": "object",
              "properties": {},
              "required": []
            }
          },
          "metadata": {
            "operationMetadataId": "446a5293-b6cf-4ba9-bef9-f37b2e1131ac"
          }
        }
      },
      "actions": {
        "アイテム数を0で初期化する": {
          "type": "InitializeVariable",
          "inputs": {
            "variables": [
              {
                "name": "アイテム数",
                "type": "integer",
                "value": 0
              }
            ]
          },
          "runAfter": {},
          "metadata": {
            "operationMetadataId": "63bb28d1-8a07-448e-a1dd-efe20afc7196"
          }
        },
        "MoreRecordsをfalseで初期化する": {
          "type": "InitializeVariable",
          "inputs": {
            "variables": [
              {
                "name": "MoreRecords",
                "type": "boolean",
                "value": false
              }
            ]
          },
          "runAfter": {
            "アイテム数を0で初期化する": [
              "Succeeded"
            ]
          },
          "metadata": {
            "operationMetadataId": "63bb28d1-8a07-448e-a1dd-efe20afc7196"
          }
        },
        "ページングCookieを空文字で初期化する": {
          "type": "InitializeVariable",
          "inputs": {
            "variables": [
              {
                "name": "ページングCookie",
                "type": "string"
              }
            ]
          },
          "runAfter": {
            "MoreRecordsをfalseで初期化する": [
              "Succeeded"
            ]
          },
          "metadata": {
            "operationMetadataId": "63bb28d1-8a07-448e-a1dd-efe20afc7196"
          }
        },
        "ページ番号を1で初期化する": {
          "type": "InitializeVariable",
          "inputs": {
            "variables": [
              {
                "name": "ページ番号",
                "type": "integer",
                "value": 1
              }
            ]
          },
          "runAfter": {
            "ページングCookieを空文字で初期化する": [
              "Succeeded"
            ]
          },
          "metadata": {
            "operationMetadataId": "63bb28d1-8a07-448e-a1dd-efe20afc7196"
          }
        },
        "Dataverseコネクタ／100k件超": {
          "type": "Scope",
          "actions": {
            "Do_until": {
              "type": "Until",
              "expression": "@equals(variables('MoreRecords'),false)",
              "limit": {
                "count": 2000,
                "timeout": "PT1H"
              },
              "actions": {
                "行を一覧にする": {
                  "type": "OpenApiConnection",
                  "description": "<fetch page=\"@{variables('ページ番号')}\" @{variables('ページングCookie')}>\n <entity name='ya_member'>\n  <all-attributes/>\n </entity>\n</fetch>",
                  "inputs": {
                    "parameters": {
                      "entityName": "ya_members",
                      "fetchXml": "<fetch page=\"@{variables('ページ番号')}\" @{variables('ページングCookie')}>\n <entity name='ya_member'>\n  <all-attributes/>\n </entity>\n</fetch>"
                    },
                    "host": {
                      "apiId": "/providers/Microsoft.PowerApps/apis/shared_commondataserviceforapps",
                      "operationId": "ListRecords",
                      "connectionName": "shared_commondataserviceforapps-1"
                    }
                  },
                  "metadata": {
                    "operationMetadataId": "b4ec51c4-f1b7-4234-b2fe-f230ee52ad70"
                  }
                },
                "MoreRecordsの設定": {
                  "type": "SetVariable",
                  "description": "if(empty(string(outputs('行を一覧にする')?['body']?['@Microsoft.Dynamics.CRM.morerecords'])), false, outputs('行を一覧にする')?['body']?['@Microsoft.Dynamics.CRM.morerecords'])",
                  "inputs": {
                    "name": "MoreRecords",
                    "value": "@if(empty(string(outputs('行を一覧にする')?['body']?['@Microsoft.Dynamics.CRM.morerecords'])), false, outputs('行を一覧にする')?['body']?['@Microsoft.Dynamics.CRM.morerecords'])"
                  },
                  "runAfter": {
                    "行を一覧にする": [
                      "Succeeded"
                    ]
                  },
                  "metadata": {
                    "operationMetadataId": "f8a9ad25-1bbb-428c-8e4d-cac836941b21"
                  }
                },
                "ページングCookieの設定": {
                  "type": "SetVariable",
                  "description": "paging-cookie=\"@{if(empty(outputs('行を一覧にする')?['body']?['@Microsoft.Dynamics.CRM.fetchxmlpagingcookie']),'',replace(replace(replace(decodeUriComponent(decodeUriComponent(first(split(last(split(outputs('行を一覧にする')?['body']?['@Microsoft.Dynamics.CRM.fetc",
                  "inputs": {
                    "name": "ページングCookie",
                    "value": "paging-cookie=\"@{if(\r\n  empty(\r\n    outputs('行を一覧にする')?['body']?['@Microsoft.Dynamics.CRM.fetchxmlpagingcookie']\r\n  ),\r\n  '',\r\n  replace(\r\n    replace(\r\n      replace(\r\n        decodeUriComponent(\r\n          decodeUriComponent(\r\n            first(\r\n              split(\r\n                last(\r\n                  split(\r\n                    outputs('行を一覧にする')?['body']?['@Microsoft.Dynamics.CRM.fetchxmlpagingcookie'],\r\n                    'pagingcookie=\"'\r\n                  )\r\n                ),\r\n                '\" '\r\n              )\r\n            )\r\n          )\r\n        ),\r\n        '<',\r\n        '&lt;'\r\n      ),\r\n      '>',\r\n      '&gt;'\r\n    ),\r\n    '\"',\r\n    '&quot;'\r\n  )\r\n)}\""
                  },
                  "runAfter": {
                    "MoreRecordsの設定": [
                      "Succeeded"
                    ]
                  },
                  "metadata": {
                    "operationMetadataId": "ae3b2f48-6628-4641-b70f-dc73f6b396b4"
                  }
                },
                "ページ番号の値を増やす": {
                  "type": "IncrementVariable",
                  "inputs": {
                    "name": "ページ番号",
                    "value": 1
                  },
                  "runAfter": {
                    "ページングCookieの設定": [
                      "Succeeded"
                    ]
                  },
                  "metadata": {
                    "operationMetadataId": "e9bd4ba5-2c3f-4e25-8fa2-dd9e9f2e5aa3"
                  }
                },
                "アイテム数の値を増やす": {
                  "type": "IncrementVariable",
                  "description": "length(outputs('行を一覧にする')?['body/value'])",
                  "inputs": {
                    "name": "アイテム数",
                    "value": "@length(outputs('行を一覧にする')?['body/value'])"
                  },
                  "runAfter": {
                    "ページ番号の値を増やす": [
                      "Succeeded"
                    ]
                  },
                  "metadata": {
                    "operationMetadataId": "9c5a0df7-05eb-48d1-8205-96cf537f14c9"
                  }
                }
              },
              "metadata": {
                "operationMetadataId": "66975f5b-4381-433f-ad1c-0ef8c56d3810"
              }
            },
            "件数": {
              "type": "Compose",
              "inputs": "@variables('アイテム数')",
              "runAfter": {
                "Do_until": [
                  "Succeeded"
                ]
              },
              "metadata": {
                "operationMetadataId": "c013eeb2-4399-40ad-91b6-5875273ac037"
              }
            }
          },
          "runAfter": {
            "ページ番号を1で初期化する": [
              "Succeeded"
            ]
          },
          "metadata": {
            "operationMetadataId": "2ceb52da-2e29-4f0b-afb6-86b49bee0243"
          }
        }
      }
    },
    "templateName": null
  },
  "schemaVersion": "1.0.0.0"
}