{
  "properties": {
    "connectionReferences": {
      "shared_commondataserviceforapps-1": {
        "api": {
          "name": "shared_commondataserviceforapps"
        },
        "connection": {
          "connectionReferenceLogicalName": "ya_sharedcommondataserviceforapps_8800f"
        },
        "runtimeSource": "embedded"
      },
      "shared_webcontents_1": {
        "api": {
          "name": "shared_webcontents"
        },
        "connection": {
          "connectionReferenceLogicalName": "ya_sharedwebcontents_86f83"
        },
        "runtimeSource": "invoker"
      }
    },
    "definition": {
      "$schema": "https://schema.management.azure.com/providers/Microsoft.Logic/schemas/2016-06-01/workflowdefinition.json#",
      "contentVersion": "1.0.0.0",
      "parameters": {
        "$authentication": {
          "defaultValue": {},
          "type": "SecureObject"
        },
        "$connections": {
          "defaultValue": {},
          "type": "Object"
        }
      },
      "triggers": {
        "manual": {
          "type": "Request",
          "kind": "Button",
          "inputs": {
            "schema": {
              "type": "object",
              "properties": {},
              "required": []
            }
          },
          "metadata": {
            "operationMetadataId": "01f5b945-6000-464d-9e97-71d61ae833b2"
          }
        }
      },
      "actions": {
        "Dataverseコネクタ／5000件以下": {
          "type": "Scope",
          "actions": {
            "Dataverseコネクタ／5000件以下_行を一覧にする": {
              "type": "OpenApiConnection",
              "inputs": {
                "parameters": {
                  "entityName": "ya_members",
                  "$select": "ya_memberid",
                  "$filter": "createdon ne null"
                },
                "host": {
                  "apiId": "/providers/Microsoft.PowerApps/apis/shared_commondataserviceforapps",
                  "operationId": "ListRecords",
                  "connectionName": "shared_commondataserviceforapps-1"
                }
              },
              "metadata": {
                "operationMetadataId": "5992eef6-936a-4482-890e-6ee9c36deefb"
              }
            },
            "Dataverseコネクタ／5000件以下_件数": {
              "type": "Compose",
              "description": "length(outputs('Dataverseコネクタ／5000件以下_行を一覧にする')?['body/value'])",
              "inputs": "@length(outputs('Dataverseコネクタ／5000件以下_行を一覧にする')?['body/value'])",
              "runAfter": {
                "Dataverseコネクタ／5000件以下_行を一覧にする": [
                  "Succeeded"
                ]
              },
              "metadata": {
                "operationMetadataId": "98856b5b-3cfc-4542-9859-34540e756a57"
              }
            }
          },
          "runAfter": {},
          "metadata": {
            "operationMetadataId": "617499e6-b917-4e9d-ba62-7d4fa5f73602"
          }
        },
        "Dataverseコネクタ／5000件超": {
          "type": "Scope",
          "description": "5kから100k",
          "actions": {
            "Dataverseコネクタ／5000件超_件数": {
              "type": "Compose",
              "inputs": "@variables('Dataverseコネクタ／5000件超 件数')",
              "runAfter": {
                "Do_until": [
                  "Succeeded"
                ]
              },
              "metadata": {
                "operationMetadataId": "c013eeb2-4399-40ad-91b6-5875273ac037"
              }
            },
            "Do_until": {
              "type": "Until",
              "expression": "@equals(variables('Dataverseコネクタ／5000件超 データ件数'), 0)",
              "limit": {
                "count": 60,
                "timeout": "PT1H"
              },
              "actions": {
                "Dataverseコネクタ／5000件超_行を一覧にする": {
                  "type": "OpenApiConnection",
                  "inputs": {
                    "parameters": {
                      "entityName": "ya_members",
                      "fetchXml": "<fetch\n   page=\"@{variables('Dataverseコネクタ／5000件超 ページ番号')}\">\n   <entity name=\"ya_member\">\n    <attribute name=\"ya_memberid\"/>\n   </entity>\n</fetch>"
                    },
                    "host": {
                      "apiId": "/providers/Microsoft.PowerApps/apis/shared_commondataserviceforapps",
                      "operationId": "ListRecords",
                      "connectionName": "shared_commondataserviceforapps-1"
                    }
                  },
                  "runtimeConfiguration": {
                    "paginationPolicy": {
                      "minimumItemCount": 100000
                    }
                  },
                  "metadata": {
                    "operationMetadataId": "f9e9aa85-2de6-4913-8528-7442583448e2"
                  }
                },
                "Dataverseコネクタ／5000件超_ページ番号の値を増やす": {
                  "type": "IncrementVariable",
                  "inputs": {
                    "name": "Dataverseコネクタ／5000件超 ページ番号",
                    "value": 1
                  },
                  "runAfter": {
                    "Dataverseコネクタ／5000件超_行を一覧にする": [
                      "Succeeded"
                    ]
                  },
                  "metadata": {
                    "operationMetadataId": "4b9ab8dc-60f0-443f-83f0-c0be5ac61cf2"
                  }
                },
                "Dataverseコネクタ／5000件超_データ件数の設定": {
                  "type": "SetVariable",
                  "description": "length(outputs('Dataverseコネクタ／5000件超_行を一覧にする')?['body/value'])",
                  "inputs": {
                    "name": "Dataverseコネクタ／5000件超 データ件数",
                    "value": "@length(outputs('Dataverseコネクタ／5000件超_行を一覧にする')?['body/value'])"
                  },
                  "runAfter": {
                    "Dataverseコネクタ／5000件超_ページ番号の値を増やす": [
                      "Succeeded"
                    ]
                  },
                  "metadata": {
                    "operationMetadataId": "8599fed4-ef65-429d-b17e-0542df71e690"
                  }
                },
                "Dataverseコネクタ／5000件超_件数の値を増やす": {
                  "type": "IncrementVariable",
                  "description": "length(outputs('Dataverseコネクタ／5000件超_行を一覧にする')?['body/value'])",
                  "inputs": {
                    "name": "Dataverseコネクタ／5000件超 件数",
                    "value": "@length(outputs('Dataverseコネクタ／5000件超_行を一覧にする')?['body/value'])"
                  },
                  "runAfter": {
                    "Dataverseコネクタ／5000件超_データ件数の設定": [
                      "Succeeded"
                    ]
                  },
                  "metadata": {
                    "operationMetadataId": "dcfc3946-8dcb-4a95-9121-0fcaacdc4e24"
                  }
                }
              },
              "metadata": {
                "operationMetadataId": "8652fe4b-0b81-42a4-bbe7-f64e51a2b33c"
              }
            }
          },
          "runAfter": {
            "Dataverseコネクタ／5000件超_データ件数を初期化する": [
              "Succeeded"
            ]
          },
          "metadata": {
            "operationMetadataId": "29d96673-d40d-41df-bced-6689d5627974"
          }
        },
        "Dataverseコネクタ／5000件超_データ件数を初期化する": {
          "type": "InitializeVariable",
          "inputs": {
            "variables": [
              {
                "name": "Dataverseコネクタ／5000件超 データ件数",
                "type": "integer",
                "value": 0
              }
            ]
          },
          "runAfter": {
            "Dataverseコネクタ／5000件超_ページ番号を初期化する": [
              "Succeeded"
            ]
          },
          "metadata": {
            "operationMetadataId": "d3e9e53f-64f4-4fc5-88d7-d54705326a4c"
          }
        },
        "Dataverseコネクタ／5000件超_ページ番号を初期化する": {
          "type": "InitializeVariable",
          "inputs": {
            "variables": [
              {
                "name": "Dataverseコネクタ／5000件超 ページ番号",
                "type": "integer",
                "value": 1
              }
            ]
          },
          "runAfter": {
            "Dataverseコネクタ／5000件超_件数を初期化する": [
              "Succeeded"
            ]
          },
          "metadata": {
            "operationMetadataId": "f17bf572-96cd-4bf4-b058-bd91e83b1561"
          }
        },
        "Dataverseコネクタ／5000件超_件数を初期化する": {
          "type": "InitializeVariable",
          "inputs": {
            "variables": [
              {
                "name": "Dataverseコネクタ／5000件超 件数",
                "type": "integer",
                "value": 0
              }
            ]
          },
          "runAfter": {},
          "metadata": {
            "operationMetadataId": "63bb28d1-8a07-448e-a1dd-efe20afc7196"
          }
        },
        "Dataverse_Web_API／5000件以下": {
          "type": "Scope",
          "actions": {
            "Dataverse_Web_API／5000件以下_HTTP要求を呼び出します": {
              "type": "OpenApiConnection",
              "description": "https://orgfa5b0cd9.crm7.dynamics.com",
              "inputs": {
                "parameters": {
                  "request/method": "GET",
                  "request/url": "https://orgfa5b0cd9.crm7.dynamics.com/api/data/v9.2/ya_members/?$select=ya_memberid&$count=true",
                  "request/headers": {
                    "Prefer": "odata.include-annotations=\"Microsoft.Dynamics.CRM.totalrecordcount,Microsoft.Dynamics.CRM.totalrecordcountlimitexceeded\""
                  }
                },
                "host": {
                  "apiId": "/providers/Microsoft.PowerApps/apis/shared_webcontents",
                  "operationId": "InvokeHttp",
                  "connectionName": "shared_webcontents_1"
                }
              },
              "metadata": {
                "operationMetadataId": "22f0c2db-7910-4931-94f9-c8e930c805e8"
              }
            },
            "Dataverse_Web_API／5000件以下_JSONの解析": {
              "type": "ParseJson",
              "inputs": {
                "content": "@body('Dataverse_Web_API／5000件以下_HTTP要求を呼び出します')",
                "schema": {
                  "type": "object",
                  "properties": {
                    "@@odata.context": {
                      "type": "string"
                    },
                    "@@odata.count": {
                      "type": "integer"
                    },
                    "@@Microsoft.Dynamics.CRM.totalrecordcount": {
                      "type": "integer"
                    },
                    "@@Microsoft.Dynamics.CRM.totalrecordcountlimitexceeded": {
                      "type": "boolean"
                    },
                    "value": {
                      "type": "array",
                      "items": {
                        "type": "object",
                        "properties": {
                          "@@odata.etag": {
                            "type": "string"
                          },
                          "ya_memberid": {
                            "type": "string"
                          }
                        },
                        "required": [
                          "@@odata.etag",
                          "ya_memberid"
                        ]
                      }
                    },
                    "@@odata.nextLink": {
                      "type": "string"
                    }
                  }
                }
              },
              "runAfter": {
                "Dataverse_Web_API／5000件以下_HTTP要求を呼び出します": [
                  "Succeeded"
                ]
              },
              "metadata": {
                "operationMetadataId": "53368f41-0d2a-40f4-99d7-9779811ddbad"
              }
            },
            "Dataverse_Web_API／5000件以下_件数": {
              "type": "Compose",
              "description": "length(outputs('Dataverseコネクタ／5000件以下_行を一覧にする')?['body/value'])",
              "inputs": "@{body('Dataverse_Web_API／5000件以下_JSONの解析')?['@odata.count']} @{body('Dataverse_Web_API／5000件以下_JSONの解析')?['@Microsoft.Dynamics.CRM.totalrecordcount']} @{body('Dataverse_Web_API／5000件以下_JSONの解析')?['@Microsoft.Dynamics.CRM.totalrecordcountlimitexceeded']}",
              "runAfter": {
                "Dataverse_Web_API／5000件以下_JSONの解析": [
                  "Succeeded"
                ]
              },
              "metadata": {
                "operationMetadataId": "c05a5a06-51e4-41b6-8717-6bd05b0e5519"
              }
            }
          },
          "runAfter": {},
          "metadata": {
            "operationMetadataId": "2133e693-96f5-42c5-846d-37e8e64ebd04"
          }
        },
        "Dataverse_Unbound／5000件超": {
          "type": "Scope",
          "actions": {
            "Dataverse_Unbound／5000件超_HTTP要求を呼び出します": {
              "type": "OpenApiConnection",
              "description": "https://orgfa5b0cd9.crm7.dynamics.com",
              "inputs": {
                "parameters": {
                  "request/method": "GET",
                  "request/url": "https://orgfa5b0cd9.crm7.dynamics.com/api/data/v9.2/RetrieveTotalRecordCount(EntityNames=[\"ya_member\"])"
                },
                "host": {
                  "apiId": "/providers/Microsoft.PowerApps/apis/shared_webcontents",
                  "operationId": "InvokeHttp",
                  "connectionName": "shared_webcontents_1"
                }
              },
              "metadata": {
                "operationMetadataId": "03355d1f-e5f5-428a-b0af-ca5a6cc6c751"
              }
            },
            "Dataverse_Unbound／5000件超_JSONの解析": {
              "type": "ParseJson",
              "inputs": {
                "content": "@body('Dataverse_Unbound／5000件超_HTTP要求を呼び出します')",
                "schema": {
                  "type": "object",
                  "properties": {
                    "@@odata.context": {
                      "type": "string"
                    },
                    "EntityRecordCountCollection": {
                      "type": "object",
                      "properties": {
                        "Count": {
                          "type": "integer"
                        },
                        "IsReadOnly": {
                          "type": "boolean"
                        },
                        "Keys": {
                          "type": "array",
                          "items": {
                            "type": "string"
                          }
                        },
                        "Values": {
                          "type": "array",
                          "items": {
                            "type": "integer"
                          }
                        }
                      }
                    }
                  }
                }
              },
              "runAfter": {
                "Dataverse_Unbound／5000件超_HTTP要求を呼び出します": [
                  "Succeeded"
                ]
              },
              "metadata": {
                "operationMetadataId": "89bce07e-3271-4fb5-a935-2c5e3b2c5496"
              }
            },
            "Dataverse_Unbound／5000件超_件数": {
              "type": "Compose",
              "description": "body('Dataverse_Web_API／5000件超_JSONの解析')?['value'][0]['count']",
              "inputs": "@body('Dataverse_Unbound／5000件超_JSONの解析')?['EntityRecordCountCollection']?['Values']",
              "runAfter": {
                "Dataverse_Unbound／5000件超_JSONの解析": [
                  "Succeeded"
                ]
              },
              "metadata": {
                "operationMetadataId": "a7442a68-fa15-4746-8367-ed6a127d0b2a"
              }
            }
          },
          "runAfter": {},
          "metadata": {
            "operationMetadataId": "f6222d16-00bf-4d56-97fc-2357972ca665"
          }
        },
        "Dataverse_Web_API／5000件超": {
          "type": "Scope",
          "description": "5kから50k",
          "actions": {
            "Dataverse_Web_API／5000件超_HTTP要求を呼び出します": {
              "type": "OpenApiConnection",
              "description": "https://orgfa5b0cd9.crm7.dynamics.com encodeUriComponent('<fetch version=\"1.0\" mapping=\"logical\" aggregate=\"true\"><entity name=\"ya_member\"><attribute name=\"ya_memberid\" aggregate=\"count\" alias=\"count\" /></entity></fetch>')",
              "inputs": {
                "parameters": {
                  "request/method": "GET",
                  "request/url": "https://orgfa5b0cd9.crm7.dynamics.com/api/data/v9.2/ya_members/?fetchXml=@{encodeUriComponent('<fetch version=\"1.0\" mapping=\"logical\" aggregate=\"true\"><entity name=\"ya_member\"><attribute name=\"ya_memberid\" aggregate=\"count\" alias=\"count\" /></entity></fetch>')}"
                },
                "host": {
                  "apiId": "/providers/Microsoft.PowerApps/apis/shared_webcontents",
                  "operationId": "InvokeHttp",
                  "connectionName": "shared_webcontents_1"
                }
              },
              "metadata": {
                "operationMetadataId": "6fc63058-5b46-4822-ad1a-0054c139a0d9"
              }
            },
            "Dataverse_Web_API／5000件超_JSONの解析": {
              "type": "ParseJson",
              "inputs": {
                "content": "@body('Dataverse_Web_API／5000件超_HTTP要求を呼び出します')",
                "schema": {
                  "type": "object",
                  "properties": {
                    "@@odata.context": {
                      "type": "string"
                    },
                    "value": {
                      "type": "array",
                      "items": {
                        "type": "object",
                        "properties": {
                          "count": {
                            "type": "integer"
                          }
                        },
                        "required": [
                          "count"
                        ]
                      }
                    }
                  }
                }
              },
              "runAfter": {
                "Dataverse_Web_API／5000件超_HTTP要求を呼び出します": [
                  "Succeeded"
                ]
              },
              "metadata": {
                "operationMetadataId": "47da81c8-6073-42b9-aa23-e01c3d46e2a1"
              }
            },
            "Dataverse_Web_API／5000件超_件数": {
              "type": "Compose",
              "description": "body('Dataverse_Web_API／5000件超_JSONの解析')?['value'][0]['count']",
              "inputs": "@body('Dataverse_Web_API／5000件超_JSONの解析')?['value'][0]['count']",
              "runAfter": {
                "Dataverse_Web_API／5000件超_JSONの解析": [
                  "Succeeded"
                ]
              },
              "metadata": {
                "operationMetadataId": "adb77117-0eee-4ee1-9282-415aa8744b0e"
              }
            }
          },
          "runAfter": {},
          "metadata": {
            "operationMetadataId": "3f9b191e-1c6d-4116-ae70-a31ec6329f0a"
          }
        },
        "Dataverseコネクタ／100k件超": {
          "type": "Scope",
          "actions": {
            "Do_until_1": {
              "type": "Until",
              "description": "variables('Dataverseコネクタ／100k件超 MoreRecords')",
              "expression": "@equals(variables('Dataverseコネクタ／100k件超 MoreRecords'),false)",
              "limit": {
                "count": 200,
                "timeout": "PT24H"
              },
              "actions": {
                "Dataverseコネクタ／100k件超_行を一覧にする": {
                  "type": "OpenApiConnection",
                  "description": "<fetch page=\"@{variables('Dataverseコネクタ／100k件超 ページ番号')}\" @{variables('Dataverseコネクタ／100k件超 ページングCookie')}>\n <entity name='ya_member'>\n  <all-attributes/>\n </entity>\n</fetch>",
                  "inputs": {
                    "parameters": {
                      "entityName": "ya_members",
                      "fetchXml": "<fetch page=\"@{variables('Dataverseコネクタ／100k件超 ページ番号')}\" @{variables('Dataverseコネクタ／100k件超 ページングCookie')}>\n <entity name='ya_member'>\n  <all-attributes/>\n </entity>\n</fetch>"
                    },
                    "host": {
                      "apiId": "/providers/Microsoft.PowerApps/apis/shared_commondataserviceforapps",
                      "operationId": "ListRecords",
                      "connectionName": "shared_commondataserviceforapps-1"
                    }
                  }
                },
                "Dataverseコネクタ／100k件超_変数MoreRecordsの設定": {
                  "type": "SetVariable",
                  "description": "if(empty(string(outputs('Dataverseコネクタ／100k件超_行を一覧にする')?['body']?['@Microsoft.Dynamics.CRM.morerecords'])), false, outputs('Dataverseコネクタ／100k件超_行を一覧にする')?['body']?['@Microsoft.Dynamics.CRM.morerecords'])",
                  "inputs": {
                    "name": "Dataverseコネクタ／100k件超 MoreRecords",
                    "value": "@if(empty(string(outputs('Dataverseコネクタ／100k件超_行を一覧にする')?['body']?['@Microsoft.Dynamics.CRM.morerecords'])), false, outputs('Dataverseコネクタ／100k件超_行を一覧にする')?['body']?['@Microsoft.Dynamics.CRM.morerecords'])"
                  },
                  "runAfter": {
                    "Dataverseコネクタ／100k件超_行を一覧にする": [
                      "Succeeded"
                    ]
                  }
                },
                "Dataverseコネクタ／100k件超_変数ページングCookieの設定": {
                  "type": "SetVariable",
                  "inputs": {
                    "name": "Dataverseコネクタ／100k件超 ページングCookie",
                    "value": "paging-cookie=\"@{if(\r\n  empty(\r\n    outputs('Dataverseコネクタ／100k件超_行を一覧にする')?['body']?['@Microsoft.Dynamics.CRM.fetchxmlpagingcookie']\r\n  ),\r\n  '',\r\n  replace(\r\n    replace(\r\n      replace(\r\n        decodeUriComponent(\r\n          decodeUriComponent(\r\n            first(\r\n              split(\r\n                last(\r\n                  split(\r\n                    outputs('Dataverseコネクタ／100k件超_行を一覧にする')?['body']?['@Microsoft.Dynamics.CRM.fetchxmlpagingcookie'],\r\n                    'pagingcookie=\"'\r\n                  )\r\n                ),\r\n                '\" '\r\n              )\r\n            )\r\n          )\r\n        ),\r\n        '<',\r\n        '&lt;'\r\n      ),\r\n      '>',\r\n      '&gt;'\r\n    ),\r\n    '\"',\r\n    '&quot;'\r\n  )\r\n)}\""
                  },
                  "runAfter": {
                    "Dataverseコネクタ／100k件超_変数MoreRecordsの設定": [
                      "Succeeded"
                    ]
                  }
                },
                "Dataverseコネクタ／100k件超_変数ページ番号の値を増やす": {
                  "type": "IncrementVariable",
                  "inputs": {
                    "name": "Dataverseコネクタ／100k件超 ページ番号",
                    "value": 1
                  },
                  "runAfter": {
                    "Dataverseコネクタ／100k件超_変数ページングCookieの設定": [
                      "Succeeded"
                    ]
                  }
                },
                "Dataverseコネクタ／100k件超_変数アイテム数の値を増やす": {
                  "type": "IncrementVariable",
                  "description": "length(outputs('Dataverseコネクタ／100k件超_行を一覧にする')?['body/value'])",
                  "inputs": {
                    "name": "Dataverseコネクタ／100k件超 アイテム数",
                    "value": "@length(outputs('Dataverseコネクタ／100k件超_行を一覧にする')?['body/value'])"
                  },
                  "runAfter": {
                    "Dataverseコネクタ／100k件超_変数ページ番号の値を増やす": [
                      "Succeeded"
                    ]
                  }
                }
              }
            },
            "Dataverseコネクタ／100k件超_件数": {
              "type": "Compose",
              "inputs": "@variables('Dataverseコネクタ／100k件超 アイテム数')",
              "runAfter": {
                "Do_until_1": [
                  "Succeeded"
                ]
              },
              "metadata": {
                "operationMetadataId": "c013eeb2-4399-40ad-91b6-5875273ac037"
              }
            }
          },
          "runAfter": {
            "Dataverseコネクタ／100k件超_MoreRecordsを初期化する": [
              "Succeeded"
            ]
          }
        },
        "Dataverseコネクタ／100k件超_ページ番号を初期化する": {
          "type": "InitializeVariable",
          "inputs": {
            "variables": [
              {
                "name": "Dataverseコネクタ／100k件超 ページ番号",
                "type": "integer",
                "value": 1
              }
            ]
          },
          "runAfter": {},
          "metadata": {
            "operationMetadataId": "63bb28d1-8a07-448e-a1dd-efe20afc7196"
          }
        },
        "Dataverseコネクタ／100k件超_ページングCookieを初期化する": {
          "type": "InitializeVariable",
          "inputs": {
            "variables": [
              {
                "name": "Dataverseコネクタ／100k件超 ページングCookie",
                "type": "string"
              }
            ]
          },
          "runAfter": {
            "Dataverseコネクタ／100k件超_ページ番号を初期化する": [
              "Succeeded"
            ]
          },
          "metadata": {
            "operationMetadataId": "63bb28d1-8a07-448e-a1dd-efe20afc7196"
          }
        },
        "Dataverseコネクタ／100k件超_アイテム数を初期化する": {
          "type": "InitializeVariable",
          "inputs": {
            "variables": [
              {
                "name": "Dataverseコネクタ／100k件超 アイテム数",
                "type": "integer",
                "value": 0
              }
            ]
          },
          "runAfter": {
            "Dataverseコネクタ／100k件超_ページングCookieを初期化する": [
              "Succeeded"
            ]
          },
          "metadata": {
            "operationMetadataId": "63bb28d1-8a07-448e-a1dd-efe20afc7196"
          }
        },
        "Dataverseコネクタ／100k件超_MoreRecordsを初期化する": {
          "type": "InitializeVariable",
          "inputs": {
            "variables": [
              {
                "name": "Dataverseコネクタ／100k件超 MoreRecords",
                "type": "boolean",
                "value": false
              }
            ]
          },
          "runAfter": {
            "Dataverseコネクタ／100k件超_アイテム数を初期化する": [
              "Succeeded"
            ]
          },
          "metadata": {
            "operationMetadataId": "63bb28d1-8a07-448e-a1dd-efe20afc7196"
          }
        }
      }
    },
    "templateName": null
  },
  "schemaVersion": "1.0.0.0"
}