{
  "properties": {
    "connectionReferences": {
      "shared_commondataserviceforapps-1": {
        "api": {
          "name": "shared_commondataserviceforapps"
        },
        "connection": {
          "connectionReferenceLogicalName": "ya_sharedcommondataserviceforapps_8800f"
        },
        "runtimeSource": "embedded"
      }
    },
    "definition": {
      "$schema": "https://schema.management.azure.com/providers/Microsoft.Logic/schemas/2016-06-01/workflowdefinition.json#",
      "contentVersion": "1.0.0.0",
      "parameters": {
        "$authentication": {
          "defaultValue": {},
          "type": "SecureObject"
        },
        "$connections": {
          "defaultValue": {},
          "type": "Object"
        }
      },
      "triggers": {
        "manual": {
          "type": "Request",
          "kind": "Button",
          "inputs": {
            "schema": {
              "type": "object",
              "properties": {},
              "required": []
            }
          },
          "metadata": {
            "operationMetadataId": "db172d82-9708-4c18-b773-bc0436d22cf1"
          }
        }
      },
      "actions": {
        "5000行を一覧にする": {
          "type": "OpenApiConnection",
          "inputs": {
            "parameters": {
              "entityName": "ya_members",
              "$top": 5000
            },
            "host": {
              "apiId": "/providers/Microsoft.PowerApps/apis/shared_commondataserviceforapps",
              "operationId": "ListRecords",
              "connectionName": "shared_commondataserviceforapps-1"
            }
          },
          "runAfter": {
            "変数indexを初期化する": [
              "Succeeded"
            ]
          },
          "metadata": {
            "operationMetadataId": "dd801ee9-8dac-4a25-8574-b0d4db342b6a"
          }
        },
        "Apply_to_each": {
          "type": "Foreach",
          "foreach": "@outputs('5000行を一覧にする')?['body/value']",
          "actions": {
            "Apply_to_each_2": {
              "type": "Foreach",
              "foreach": "@variables('index')",
              "actions": {
                "新しい行を追加する": {
                  "type": "OpenApiConnection",
                  "inputs": {
                    "parameters": {
                      "entityName": "ya_members",
                      "item/ya_e": "@items('Apply_to_each')?['ya_e']",
                      "item/ya_column14": "@rand(10000,99999)",
                      "item/ya_column01": "@{items('Apply_to_each')?['ya_column01']}@{items('Apply_to_each_2')}"
                    },
                    "host": {
                      "apiId": "/providers/Microsoft.PowerApps/apis/shared_commondataserviceforapps",
                      "operationId": "CreateRecord",
                      "connectionName": "shared_commondataserviceforapps-1"
                    }
                  },
                  "metadata": {
                    "operationMetadataId": "641aaf3e-0a25-4a98-a26b-12e51cddc06c"
                  }
                }
              },
              "metadata": {
                "operationMetadataId": "a3b764ef-59a8-4d95-809a-e0cf15b12bd0"
              }
            }
          },
          "runAfter": {
            "5000行を一覧にする": [
              "Succeeded"
            ]
          },
          "metadata": {
            "operationMetadataId": "663aac74-84ce-4dd3-bcd8-e6b239abcd3f"
          }
        },
        "変数indexを初期化する": {
          "type": "InitializeVariable",
          "description": "range(0,18) // 19回繰り返す",
          "inputs": {
            "variables": [
              {
                "name": "index",
                "type": "array",
                "value": "@range(0,18)"
              }
            ]
          },
          "runAfter": {},
          "metadata": {
            "operationMetadataId": "28720ea8-8b83-457e-b2a8-525dbc09ad27"
          }
        }
      }
    },
    "templateName": null
  },
  "schemaVersion": "1.0.0.0"
}